species,elevation,soil_type,sepal_length,sepal_width,petal_length,petal_width,sepal_area,petal_area,sepal_aspect_ratio,petal_aspect_ratio,sepal_to_petal_length_ratio,sepal_to_petal_width_ratio,sepal_petal_length_diff,sepal_petal_width_diff,petal_curvature_mm,petal_texture_trichomes_per_mm2,leaf_area_cm2,sepal_area_sqrt,petal_area_sqrt,area_ratios
setosa,161.8,0,5.16,3.41,1.64,0.26,17.5956,0.4264,1.5131964809384164,6.3076923076923075,3.1463414634146343,13.115384615384615,3.5200000000000005,3.1500000000000004,5.33,18.33,53.21,4.194710955477147,0.6529931086925803,41.265478424015015
setosa,291.4,1,5.48,4.05,1.53,0.37,22.194,0.5661,1.3530864197530865,4.135135135135135,3.581699346405229,10.945945945945946,3.95,3.6799999999999997,5.9,20.45,52.53,4.711050838188864,0.7523961722390672,39.205087440381554
setosa,144.3,0,5.1,2.8,1.47,0.38,14.279999999999998,0.5586,1.8214285714285714,3.8684210526315788,3.4693877551020407,7.368421052631579,3.63,2.42,5.66,24.62,50.25,3.7788887255382364,0.7473954776421918,25.563909774436087
setosa,114.6,1,4.64,3.44,1.53,0.17,15.961599999999999,0.2601,1.3488372093023255,9.0,3.0326797385620914,20.235294117647058,3.1099999999999994,3.27,4.51,22.91,50.85,3.995197116538807,0.51,61.367166474432906
setosa,110.9,2,4.85,2.87,1.23,0.26,13.9195,0.31980000000000003,1.6898954703832751,4.730769230769231,3.9430894308943087,11.038461538461538,3.6199999999999997,2.6100000000000003,4.03,21.56,40.57,3.7308846136003724,0.5655086206239477,43.52564102564102
setosa,164.4,1,4.91,3.19,1.86,0.35,15.6629,0.651,1.5391849529780566,5.314285714285715,2.639784946236559,9.114285714285714,3.05,2.84,6.18,18.52,48.14,3.957638184574229,0.8068457101577724,24.059754224270353
